{
  "model": {
    "slider01": 0.050000,
    "slider02": 0.100000,
    "slider03": 0.919742,
    "slider04": 0.200000,
    "slider05": 0.250000,
    "slider06": 0.131342,
    "slider07": 0.612643,
    "slider08": 0.151995,
    "slider09": 0.786601,
    "slider10": 0.509878,
    "slider11": 0.652227,
    "slider12": 0.188775,
    "slider13": 0.749449,
    "slider14": 0.700000,
    "slider15": 0.750000,
    "slider16": 0.155792,
    "slider17": 0.311473,
    "slider18": 0.562090,
    "slider19": 0.797044,
    "slider20": 0.366295,
    "featureEnabled": 1.000000,
    "featureState": "On",
    "lastAction": "btn04",
    "sliderState": "s16: 16%"
  }
}
