{
  "model": {
    "slider01": 0.050000,
    "slider02": 0.100000,
    "slider03": 0.150000,
    "slider04": 0.200000,
    "slider05": 0.250000,
    "slider06": 0.300000,
    "slider07": 0.350000,
    "slider08": 0.400000,
    "slider09": 0.450000,
    "slider10": 0.500000,
    "slider11": 0.550000,
    "slider12": 0.892965,
    "slider13": 0.650000,
    "slider14": 0.700000,
    "slider15": 0.750000,
    "slider16": 0.800000,
    "slider17": 0.850000,
    "slider18": 0.900000,
    "slider19": 0.950000,
    "slider20": 1.000000,
    "featureEnabled": 1.000000,
    "featureState": "On",
    "lastAction": "btn19",
    "sliderState": "s12: 89%"
  }
}
