{
  "model": {
    "sliderState": "s01: 98%",
    "lastAction": "btn02",
    "featureState": "On",
    "featureEnabled": 1.000000,
    "slider20": 0.366295,
    "slider19": 0.797044,
    "slider18": 0.562090,
    "slider17": 0.311473,
    "slider16": 0.155792,
    "slider15": 0.750000,
    "slider14": 0.700000,
    "slider13": 0.749449,
    "slider12": 0.188775,
    "slider11": 0.652227,
    "slider10": 0.509878,
    "slider09": 0.786601,
    "slider08": 0.982350,
    "slider07": 0.636061,
    "slider06": 0.131342,
    "slider05": 0.250000,
    "slider04": 0.200000,
    "slider03": 0.919742,
    "slider02": 0.100000,
    "slider01": 0.982350
  }
}
